XValue,YValue,ZValue,Number,Time,startNumber
1,02900004386902,5,26800012588501,8,72900009155273,1,05.11.2015 17:28:57,1
1,80200004577637,4,52600002288818,9,44200038909912,2,05.11.2015 17:28:57,1
1,53400003910065,4,68499994277954,9,15499973297119,3,05.11.2015 17:28:57,1
0,689999997615814,5,26800012588501,8,72900009155273,4,05.11.2015 17:28:57,1
-1,4539999961853,6,28000020980835,8,07900047302246,5,05.11.2015 17:28:57,1
-3,28200006484985,7,2480001449585,7,14400005340576,6,05.11.2015 17:28:57,1
-2,61500000953674,7,04899978637695,6,61700010299683,7,05.11.2015 17:28:57,1
-1,23099994659424,6,34700012207031,6,26900005340576,8,05.11.2015 17:28:57,1
-0,377999991178513,5,81699991226196,6,42600011825562,9,05.11.2015 17:28:57,1
0,314999997615814,5,40100002288818,7,51100015640259,10,05.11.2015 17:28:57,1
1,02900004386902,5,00799989700317,8,6230001449585,11,05.11.2015 17:28:57,1
1,66799998283386,4,7519998550415,9,29500007629395,12,05.11.2015 17:28:57,1
0,813000023365021,5,02500009536743,9,54100036621094,13,05.11.2015 17:28:57,1
1,02900004386902,5,90199995040894,9,13899993896484,14,05.11.2015 17:28:57,1
-2,91300010681152,6,8600001335144,8,19299983978271,15,05.11.2015 17:28:57,1
-2,82100009918213,6,9689998626709,6,88500022888184,16,05.11.2015 17:28:57,1
-0,850000023841858,6,0789999961853,6,57999992370605,17,05.11.2015 17:28:57,1
0,681999981403351,5,26800012588501,7,45900011062622,18,05.11.2015 17:28:57,1
1,48399996757507,4,8730001449585,8,22999954223633,19,05.11.2015 17:28:57,1
1,79900002479553,4,90799999237061,8,24199962615967,20,05.11.2015 17:28:57,1
1,5460000038147,4,68599987030029,8,39000034332275,21,05.11.2015 17:28:57,1
-0,662999987602234,5,73999977111816,8,42800045013428,22,05.11.2015 17:28:57,1
-3,90000009536743,7,21999979019165,8,26700019836426,23,05.11.2015 17:28:57,1
-3,17499995231628,7,09700012207031,7,81199979782104,24,05.11.2015 17:28:57,1
-0,293000012636185,5,80999994277954,7,72900009155273,25,05.11.2015 17:28:57,1
1,33599996566772,4,92000007629395,7,85200023651123,26,05.11.2015 17:28:57,1
1,6599999666214,4,69799995422363,8,00699996948242,27,05.11.2015 17:28:57,1
1,46399998664856,4,88299989700317,8,47999954223633,28,05.11.2015 17:28:57,1
1,02900004386902,5,05399990081787,7,78599977493286,29,05.11.2015 17:28:57,1
-1,73699998855591,6,28399991989136,7,3899998664856,30,05.11.2015 17:28:57,1
-4,49200010299683,7,77799987792969,7,5460000038147,31,05.11.2015 17:28:57,1
-3,26099991798401,7,13299989700317,6,97200012207031,32,05.11.2015 17:28:57,1
0,203999996185303,5,53200006484985,6,73099994659424,33,05.11.2015 17:28:57,1
2,0699999332428,4,21600008010864,8,89700031280518,34,05.11.2015 17:28:57,1
2,89100003242493,3,7739999294281,10,3529996871948,35,05.11.2015 17:28:57,1
2,8529999256134,4,42199993133545,9,62199974060059,36,05.11.2015 17:28:57,1
0,662000000476837,5,07299995422363,8,84500026702881,37,05.11.2015 17:28:57,1
-4,12099981307983,7,0939998626709,7,97499990463257,38,05.11.2015 17:28:57,1
-4,77899980545044,7,79899978637695,6,90299987792969,39,05.11.2015 17:28:57,1
-0,418999999761581,5,98000001907349,6,31899976730347,40,05.11.2015 17:28:57,1
1,62999999523163,4,76900005340576,6,96500015258789,41,05.11.2015 17:28:57,1
1,44599997997284,4,58500003814697,9,09099960327148,42,05.11.2015 17:28:57,1
1,77199995517731,5,04400014877319,9,17099952697754,43,05.11.2015 17:28:57,1
1,02900004386902,5,19500017166138,8,6230001449585,44,05.11.2015 17:28:57,1
-1,76699995994568,5,93100023269653,8,1870002746582,45,05.11.2015 17:28:57,1
-4,73400020599365,7,39300012588501,7,42700004577637,46,05.11.2015 17:28:57,1
-3,14000010490417,7,21700000762939,6,1729998588562,47,05.11.2015 17:28:57,1
0,195999994874001,5,59899997711182,5,89799976348877,48,05.11.2015 17:28:57,1
1,34099996089935,4,86299991607666,7,25799989700317,49,05.11.2015 17:28:57,1
1,51300001144409,4,70599985122681,9,41699981689453,50,05.11.2015 17:28:58,1
1,21700000762939,5,18200016021729,9,85200023651123,51,05.11.2015 17:28:58,1
-0,379000008106232,5,6710000038147,10,3579998016357,52,05.11.2015 17:28:58,1
-3,16400003433228,6,65799999237061,9,00399971008301,53,05.11.2015 17:28:58,1
-3,1949999332428,7,0310001373291,7,62900018692017,54,05.11.2015 17:28:58,1
0,345999985933304,5,40899991989136,5,9520001411438,55,05.11.2015 17:28:58,1
1,53699994087219,4,94700002670288,5,04300022125244,56,05.11.2015 17:28:58,1
1,17799997329712,4,89499998092651,5,97900009155273,57,05.11.2015 17:28:58,1
1,192999958992,4,71999979019165,8,84099960327148,58,05.11.2015 17:28:58,1
-0,600000023841858,6,01599979400635,10,0600004196167,59,05.11.2015 17:28:58,1
-3,33899998664856,7,28999996185303,10,4090003967285,60,05.11.2015 17:28:58,1
-3,1800000667572,6,83500003814697,9,69099998474121,61,05.11.2015 17:28:58,1
0,264999985694885,5,36999988555908,7,16900014877319,62,05.11.2015 17:28:58,1
1,55900001525879,4,7350001335144,5,17999982833862,63,05.11.2015 17:28:58,1
2,00300002098084,4,45900011062622,6,10500001907349,64,05.11.2015 17:28:58,1
1,86600005626678,4,6230001449585,7,99200010299683,65,05.11.2015 17:28:58,1
0,155000001192093,5,80499982833862,8,41300010681152,66,05.11.2015 17:28:58,1
-3,50099992752075,7,07000017166138,9,72799968719482,67,05.11.2015 17:28:58,1
-3,58999991416931,6,81199979782104,9,85200023651123,68,05.11.2015 17:28:58,1
-0,136999994516373,5,76100015640259,7,53999996185303,69,05.11.2015 17:28:58,1
0,908999979496002,5,02299976348877,6,32200002670288,70,05.11.2015 17:28:58,1
0,386000007390976,5,11499977111816,6,98699998855591,71,05.11.2015 17:28:58,1
0,340000003576279,5,31300020217896,7,72300004959106,72,05.11.2015 17:28:58,1
0,187000006437302,5,41599988937378,8,51599979400635,73,05.11.2015 17:28:58,1
-1,2389999628067,5,82399988174438,9,48700046539307,74,05.11.2015 17:28:58,1
-2,10800004005432,6,24200010299683,9,22500038146973,75,05.11.2015 17:28:58,1
-1,52799999713898,6,15999984741211,7,6710000038147,76,05.11.2015 17:28:58,1
-0,0799999982118607,5,38700008392334,6,94999980926514,77,05.11.2015 17:28:58,1
0,745999991893768,5,06899976730347,7,97499990463257,78,05.11.2015 17:28:58,1
1,14900004863739,4,8769998550415,8,6569995880127,79,05.11.2015 17:28:58,1
0,794000029563904,5,16599988937378,8,11299991607666,80,05.11.2015 17:28:58,1
-0,225999996066093,5,42199993133545,7,9210000038147,81,05.11.2015 17:28:58,1
-2,15400004386902,6,13000011444092,7,69899988174438,82,05.11.2015 17:28:58,1
-1,9539999961853,6,31400012969971,7,32800006866455,83,05.11.2015 17:28:58,1
-0,36599999666214,5,59000015258789,7,47900009155273,84,05.11.2015 17:28:58,1
0,284000009298325,5,17799997329712,8,72900009155273,85,05.11.2015 17:28:58,1
0,465000003576279,5,12400007247925,9,72200012207031,86,05.11.2015 17:28:58,1
1,02900004386902,4,91400003433228,10,0690002441406,87,05.11.2015 17:28:58,1
0,552999973297119,4,86299991607666,9,56700038909912,88,05.11.2015 17:28:58,1
-0,734000027179718,5,39099979400635,8,11499977111816,89,05.11.2015 17:28:58,1
-1,99399995803833,6,26900005340576,6,62799978256226,90,05.11.2015 17:28:58,1
-1,58500003814697,6,4060001373291,6,00899982452393,91,05.11.2015 17:28:58,1
-0,308999985456467,5,69899988174438,5,41900014877319,92,05.11.2015 17:28:58,1
0,515999972820282,5,19999980926514,7,20300006866455,93,05.11.2015 17:28:58,1
1,02900004386902,4,70699977874756,10,6040000915527,94,05.11.2015 17:28:58,1
1,02900004386902,5,34899997711182,10,710000038147,95,05.11.2015 17:28:58,1
-0,764999985694885,5,60599994659424,9,85900020599365,96,05.11.2015 17:28:58,1
-2,58400011062622,6,10300016403198,8,02499961853027,97,05.11.2015 17:28:58,1
-2,70900011062622,6,81099987030029,6,02199983596802,98,05.11.2015 17:28:59,1
1,02900004386902,6,05999994277954,5,11399984359741,99,05.11.2015 17:28:59,1
0,460999995470047,5,31799983978271,5,37200021743774,100,05.11.2015 17:28:59,1
0,449000000953674,5,12200021743774,7,68900012969971,101,05.11.2015 17:28:59,1
0,880999982357025,5,16099977493286,10,4670000076294,102,05.11.2015 17:28:59,1
0,890999972820282,5,32499980926514,11,9540004730225,103,05.11.2015 17:28:59,1
-0,451999992132187,5,34800004959106,10,5939998626709,104,05.11.2015 17:28:59,1
-2,29200005531311,5,84000015258789,7,82299995422363,105,05.11.2015 17:28:59,1
-3,15799999237061,6,98199987411499,5,26000022888184,106,05.11.2015 17:28:59,1
-1,34300005435944,6,29099988937378,4,2039999961853,107,05.11.2015 17:28:59,1
0,532000005245209,5,26800012588501,4,58599996566772,108,05.11.2015 17:28:59,1
1,41100001335144,4,68400001525879,7,46199989318848,109,05.11.2015 17:28:59,1
1,75100004673004,4,65399980545044,11,2720003128052,110,05.11.2015 17:28:59,1
0,607999980449677,5,59800004959106,11,96399974823,111,05.11.2015 17:28:59,1
-1,85899996757507,5,81099987030029,11,0100002288818,112,05.11.2015 17:28:59,1
-3,62899994850159,6,43599987030029,8,03699970245361,113,05.11.2015 17:28:59,1
-1,83000004291534,6,55399990081787,5,27400016784668,114,05.11.2015 17:28:59,1
0,33899998664856,5,26800012588501,4,48899984359741,115,05.11.2015 17:28:59,1
0,864000022411346,5,08799982070923,5,68900012969971,116,05.11.2015 17:28:59,1
0,695999979972839,5,01800012588501,8,72900009155273,117,05.11.2015 17:28:59,1
1,02900004386902,5,26800012588501,11,2180004119873,118,05.11.2015 17:28:59,1
-0,495999991893768,5,7189998626709,11,2829999923706,119,05.11.2015 17:28:59,1
-2,57699990272522,6,0310001373291,9,42000007629395,120,05.11.2015 17:28:59,1
-3,68400001525879,7,07000017166138,6,79300022125244,121,05.11.2015 17:28:59,1
-1,88699996471405,6,59600019454956,4,87200021743774,122,05.11.2015 17:28:59,1
0,193000003695488,5,37400007247925,4,63299989700317,123,05.11.2015 17:28:59,1
1,58800005912781,4,70599985122681,6,71400022506714,124,05.11.2015 17:28:59,1
2,32999992370605,4,23799991607666,10,706000328064,125,05.11.2015 17:28:59,1
2,17000007629395,5,0479998588562,11,1379995346069,126,05.11.2015 17:28:59,1
-0,41100001335144,5,7020001411438,10,6549997329712,127,05.11.2015 17:28:59,1
-4,1269998550415,6,47900009155273,8,97599983215332,128,05.11.2015 17:28:59,1
-4,21299982070923,7,52799987792969,6,26200008392334,129,05.11.2015 17:28:59,1
1,02900004386902,6,32999992370605,4,69199991226196,130,05.11.2015 17:28:59,1
1,02900004386902,5,36800003051758,3,89199995994568,131,05.11.2015 17:28:59,1
1,02900004386902,5,07499980926514,5,44199991226196,132,05.11.2015 17:28:59,1
1,45700001716614,4,88399982452393,9,47799968719482,133,05.11.2015 17:28:59,1
1,192999958992,5,35200023651123,11,2440004348755,134,05.11.2015 17:28:59,1
-1,16600000858307,6,14400005340576,11,6180000305176,135,05.11.2015 17:28:59,1
-3,71099996566772,6,48799991607666,10,03600025177,136,05.11.2015 17:28:59,1
-2,60400009155273,6,86399984359741,6,63399982452393,137,05.11.2015 17:28:59,1
-0,204999998211861,5,65399980545044,4,14300012588501,138,05.11.2015 17:28:59,1
1,02900004386902,5,26800012588501,3,73699998855591,139,05.11.2015 17:28:59,1
1,02900004386902,4,90199995040894,5,97499990463257,140,05.11.2015 17:28:59,1
1,52600002288818,4,71700000762939,10,0839996337891,141,05.11.2015 17:28:59,1
1,02900004386902,5,88199996948242,11,164999961853,142,05.11.2015 17:28:59,1
-1,69000005722046,6,11100006103516,12,1619997024536,143,05.11.2015 17:28:59,1
-3,54399991035461,6,23199987411499,10,1579999923706,144,05.11.2015 17:28:59,1
-1,64699995517731,6,50299978256226,5,9689998626709,145,05.11.2015 17:28:59,1
-0,736000001430511,5,99200010299683,3,61400008201599,146,05.11.2015 17:29:00,1
-0,11599999666214,5,57499980926514,3,69899988174438,147,05.11.2015 17:29:00,1
0,519999980926514,5,07600021362305,7,46700000762939,148,05.11.2015 17:29:00,1
1,02900004386902,5,01900005340576,11,2080001831055,149,05.11.2015 17:29:00,1
0,256999999284744,6,10699987411499,11,8610000610352,150,05.11.2015 17:29:00,1
-1,55599999427795,5,84800004959106,10,9709997177124,151,05.11.2015 17:29:00,1
-1,86899995803833,6,01999998092651,7,67500019073486,152,05.11.2015 17:29:00,1
-1,53400003910065,6,35799980163574,4,40000009536743,153,05.11.2015 17:29:00,1
-0,656000018119812,5,90100002288818,3,30699992179871,154,05.11.2015 17:29:00,1
0,157000005245209,5,62799978256226,4,21500015258789,155,05.11.2015 17:29:00,1
-0,217999994754791,5,5019998550415,8,0930004119873,156,05.11.2015 17:29:00,1
-0,17399999499321,5,75500011444092,12,0209999084473,157,05.11.2015 17:29:00,1
-0,700999975204468,5,85900020599365,13,3030004501343,158,05.11.2015 17:29:00,1
-1,17799997329712,5,45100021362305,11,1560001373291,159,05.11.2015 17:29:00,1
-1,30799996852875,5,71999979019165,7,29099988937378,160,05.11.2015 17:29:00,1
-1,75800001621246,6,27600002288818,4,66900014877319,161,05.11.2015 17:29:00,1
1,02900004386902,6,1710000038147,3,43099999427795,162,05.11.2015 17:29:00,1
-0,509999990463257,5,84299993515015,3,7279999256134,163,05.11.2015 17:29:00,1
0,455000013113022,5,31300020217896,6,3769998550415,164,05.11.2015 17:29:00,1
1,67400002479553,4,68800020217896,8,94200038909912,165,05.11.2015 17:29:00,1
2,13899993896484,4,23099994659424,12,0690002441406,166,05.11.2015 17:29:00,1
1,33899998664856,4,6269998550415,13,6040000915527,167,05.11.2015 17:29:00,1
-1,15299999713898,4,90199995040894,12,6940002441406,168,05.11.2015 17:29:00,1
-4,2979998588562,6,7020001411438,8,88199996948242,169,05.11.2015 17:29:00,1
-0,702000021934509,5,56300020217896,8,2189998626709,1,05.11.2015 17:29:02,2
-0,0260000005364418,5,2649998664856,8,04800033569336,2,05.11.2015 17:29:02,2
0,119000002741814,5,00600004196167,7,86100006103516,3,05.11.2015 17:29:02,2
0,462000012397766,4,87400007247925,8,44900035858154,4,05.11.2015 17:29:02,2
0,444000005722046,4,81300020217896,9,56999969482422,5,05.11.2015 17:29:02,2
0,0450000017881393,5,02299976348877,9,66800022125244,6,05.11.2015 17:29:02,2
-0,912000000476837,5,56300020217896,8,96100044250488,7,05.11.2015 17:29:02,2
-2,50099992752075,6,66599988937378,7,65000009536743,8,05.11.2015 17:29:02,2
-3,44199991226196,7,39300012588501,6,03000020980835,9,05.11.2015 17:29:02,2
-1,82799994945526,6,30000019073486,5,61600017547607,10,05.11.2015 17:29:02,2
0,234999999403954,5,41099977493286,6,01200008392334,11,05.11.2015 17:29:02,2
0,953000009059906,4,69999980926514,8,96700000762939,12,05.11.2015 17:29:02,2
0,845000028610229,4,99300003051758,11,1630001068115,13,05.11.2015 17:29:02,2
0,989000022411346,5,2810001373291,10,1850004196167,14,05.11.2015 17:29:02,2
-0,523000001907349,5,29300022125244,8,4399995803833,15,05.11.2015 17:29:02,2
-2,80100011825562,6,34800004959106,6,34299993515015,16,05.11.2015 17:29:02,2
-3,24900007247925,7,2039999961853,4,47599983215332,17,05.11.2015 17:29:02,2
-1,53199994564056,6,51700019836426,5,08099985122681,18,05.11.2015 17:29:02,2
0,291000008583069,5,63199996948242,7,16599988937378,19,05.11.2015 17:29:02,2
0,851999998092651,5,1230001449585,9,50399971008301,20,05.11.2015 17:29:02,2
1,21599996089935,5,13899993896484,10,9340000152588,21,05.11.2015 17:29:02,2
1,27699995040894,4,97599983215332,10,1569995880127,22,05.11.2015 17:29:02,2
-0,395000010728836,5,00299978256226,9,08500003814697,23,05.11.2015 17:29:02,2
-2,80100011825562,7,11199998855591,5,67199993133545,24,05.11.2015 17:29:02,2
-0,702000021934509,6,04699993133545,5,28499984741211,25,05.11.2015 17:29:02,2
0,416999995708466,5,47700023651123,6,93400001525879,26,05.11.2015 17:29:02,2
0,962000012397766,5,04500007629395,9,16199970245361,27,05.11.2015 17:29:02,2
1,44599997997284,5,23899984359741,10,4759998321533,28,05.11.2015 17:29:02,2
-0,702000021934509,5,42500019073486,9,90100002288818,29,05.11.2015 17:29:02,2
-1,01900005340576,5,66099977493286,8,64000034332275,30,05.11.2015 17:29:02,2
-3,48900008201599,6,86100006103516,6,56199979782104,31,05.11.2015 17:29:02,2
-3,22099995613098,7,47300004959106,4,89300012588501,32,05.11.2015 17:29:02,2
-1,19200003147125,6,26999998092651,4,59999990463257,33,05.11.2015 17:29:02,2
-0,702000021934509,5,43300008773804,6,63299989700317,34,05.11.2015 17:29:02,2
1,60399997234344,4,82499980926514,10,9700002670288,35,05.11.2015 17:29:02,2
1,94900000095367,4,69600009918213,11,46399974823,36,05.11.2015 17:29:02,2
-0,0759999975562096,5,4689998626709,9,80399990081787,37,05.11.2015 17:29:02,2
-3,27500009536743,6,41800022125244,7,88600015640259,38,05.11.2015 17:29:02,2
-3,53999996185303,7,2979998588562,6,3289999961853,39,05.11.2015 17:29:02,2
-0,702000021934509,6,19899988174438,5,36100006103516,40,05.11.2015 17:29:02,2
0,439999997615814,5,56300020217896,4,93599987030029,41,05.11.2015 17:29:02,2
0,537000000476837,5,34800004959106,7,25799989700317,42,05.11.2015 17:29:02,2
1,34500002861023,5,03800010681152,9,94299983978271,43,05.11.2015 17:29:02,2
-0,702000021934509,5,38299989700317,9,91100025177002,44,05.11.2015 17:29:02,2
-1,44000005722046,5,8730001449585,9,77799987792969,45,05.11.2015 17:29:02,2
-3,23799991607666,6,64400005340576,7,92600011825562,46,05.11.2015 17:29:02,2
-2,8050000667572,7,15000009536743,6,48199987411499,47,05.11.2015 17:29:02,2
-0,50900000333786,6,02299976348877,5,68499994277954,48,05.11.2015 17:29:03,2
-0,702000021934509,5,28299999237061,6,21500015258789,49,05.11.2015 17:29:03,2
0,906000018119812,4,97100019454956,8,51900005340576,50,05.11.2015 17:29:03,2
1,307000041008,4,84000015258789,10,3319997787476,51,05.11.2015 17:29:03,2
0,105999998748302,5,19000005722046,10,9069995880127,52,05.11.2015 17:29:03,2
-2,24600005149841,6,60400009155273,9,27400016784668,53,05.11.2015 17:29:03,2
-3,03800010681152,7,31199979782104,7,08699989318848,54,05.11.2015 17:29:03,2
-0,179000005125999,6,1230001449585,5,76800012588501,55,05.11.2015 17:29:03,2
-0,702000021934509,5,38299989700317,4,46400022506714,56,05.11.2015 17:29:03,2
-0,294999986886978,5,92700004577637,4,91800022125244,57,05.11.2015 17:29:03,2
-1,53600001335144,6,42399978637695,7,83400011062622,58,05.11.2015 17:29:03,2
-1,72300004959106,6,87200021743774,9,15499973297119,59,05.11.2015 17:29:03,2
-1,49699997901917,6,32100009918213,8,88700008392334,60,05.11.2015 17:29:03,2
-0,702000021934509,5,84899997711182,7,88800001144409,61,05.11.2015 17:29:03,2
0,0509999990463257,5,36600017547607,7,40999984741211,62,05.11.2015 17:29:03,2
0,500999987125397,5,06099987030029,7,38500022888184,63,05.11.2015 17:29:03,2
-0,702000021934509,5,77500009536743,8,53999996185303,64,05.11.2015 17:29:03,2
-0,552999973297119,5,9229998588562,9,10000038146973,65,05.11.2015 17:29:03,2
-0,702000021934509,5,78200006484985,8,92399978637695,66,05.11.2015 17:29:03,2
-0,409999996423721,5,63299989700317,8,2189998626709,67,05.11.2015 17:29:03,2
-0,104000002145767,5,41900014877319,7,68200016021729,68,05.11.2015 17:29:03,2
-0,381000012159348,5,64599990844727,7,49599981307983,69,05.11.2015 17:29:03,2
-0,848999977111816,5,88500022888184,7,51100015640259,70,05.11.2015 17:29:03,2
-0,702000021934509,5,66900014877319,7,99100017547607,71,05.11.2015 17:29:03,2
-0,702000021934509,5,71099996566772,8,2189998626709,72,05.11.2015 17:29:03,2
-0,386999994516373,5,63600015640259,8,11100006103516,73,05.11.2015 17:29:03,2
-0,0879999995231628,5,48899984359741,8,14299964904785,74,05.11.2015 17:29:03,2
0,0230000000447035,5,39499998092651,8,10499954223633,75,05.11.2015 17:29:03,2
0,349000006914139,5,14200019836426,8,38399982452393,76,05.11.2015 17:29:03,2
1,37199997901917,4,51800012588501,9,64900016784668,77,05.11.2015 17:29:03,2
1,42200005054474,4,53900003433228,9,97200012207031,78,05.11.2015 17:29:03,2
-0,0320000015199184,5,28599977493286,9,36400032043457,79,05.11.2015 17:29:03,2
-2,4449999332428,6,56099987030029,7,99200010299683,80,05.11.2015 17:29:03,2
-3,99300003051758,7,66800022125244,5,48799991607666,81,05.11.2015 17:29:03,2
-3,16799998283386,7,27299976348877,4,94299983978271,82,05.11.2015 17:29:03,2
-1,52699995040894,6,40700006484985,5,14900016784668,83,05.11.2015 17:29:03,2
-0,702000021934509,5,8289999961853,6,27699995040894,84,05.11.2015 17:29:03,2
-0,0759999975562096,5,23899984359741,8,5,85,05.11.2015 17:29:03,2
0,825999975204468,5,32999992370605,9,5290002822876,86,05.11.2015 17:29:04,2
-0,702000021934509,5,31799983978271,10,085000038147,87,05.11.2015 17:29:04,2
-0,702000021934509,5,56300020217896,9,37100028991699,88,05.11.2015 17:29:04,2
-1,94200003147125,6,31799983978271,7,77400016784668,89,05.11.2015 17:29:04,2
-1,50800001621246,6,39699983596802,6,40199995040894,90,05.11.2015 17:29:04,2
-0,935000002384186,6,5,93200016021729,91,05.11.2015 17:29:04,2
-0,702000021934509,5,81699991226196,6,62400007247925,92,05.11.2015 17:29:04,2
-0,165000006556511,5,56300020217896,8,05200004577637,93,05.11.2015 17:29:04,2
0,370999991893768,5,27299976348877,9,23799991607666,94,05.11.2015 17:29:04,2
-0,0640000030398369,5,48299980163574,9,56099987030029,95,05.11.2015 17:29:04,2
-0,995000004768372,5,78499984741211,9,23799991607666,96,05.11.2015 17:29:04,2
-2,3970000743866,6,36499977111816,7,92399978637695,97,05.11.2015 17:29:04,2
-2,96300005912781,6,85699987411499,6,8600001335144,98,05.11.2015 17:29:04,2
-1,16100001335144,6,14499998092651,6,2649998664856,99,05.11.2015 17:29:04,2
0,479000002145767,5,34299993515015,6,22700023651123,100,05.11.2015 17:29:04,2
0,46399998664856,5,16599988937378,7,25600004196167,101,05.11.2015 17:29:04,2
-0,702000021934509,5,04400014877319,8,09200000762939,102,05.11.2015 17:29:04,2
0,888000011444092,4,94000005722046,8,85400009155273,103,05.11.2015 17:29:04,2
-0,232999995350838,5,14099979400635,9,95400047302246,104,05.11.2015 17:29:04,2
-1,11000001430511,5,62900018692017,10,4519996643066,105,05.11.2015 17:29:04,2
-0,538999974727631,5,49200010299683,9,2790002822876,106,05.11.2015 17:29:04,2
-0,0820000022649765,5,23099994659424,7,55499982833862,107,05.11.2015 17:29:04,2
-0,702000021934509,5,65299987792969,6,86700010299683,108,05.11.2015 17:29:04,2
-1,36000001430511,6,06699991226196,7,19500017166138,109,05.11.2015 17:29:04,2
-1,58399999141693,6,19099998474121,7,59899997711182,110,05.11.2015 17:29:04,2
-1,94599997997284,6,42000007629395,7,72599983215332,111,05.11.2015 17:29:04,2
-1,31099998950958,6,06099987030029,7,82200002670288,112,05.11.2015 17:29:04,2
0,451999992132187,5,13299989700317,8,2189998626709,113,05.11.2015 17:29:04,2
1,89100003242493,4,22599983215332,9,06999969482422,114,05.11.2015 17:29:04,2
1,71399998664856,4,59899997711182,8,90299987792969,115,05.11.2015 17:29:04,2
-1,35899996757507,5,8600001335144,8,88500022888184,116,05.11.2015 17:29:04,2
-4,78999996185303,7,58300018310547,7,62599992752075,117,05.11.2015 17:29:04,2
-3,29399991035461,7,37400007247925,6,63899993896484,118,05.11.2015 17:29:04,2
-0,492000013589859,5,89499998092651,6,03399991989136,119,05.11.2015 17:29:04,2
0,24099999666214,5,17600011825562,6,24100017547607,120,05.11.2015 17:29:04,2
0,833000004291534,4,98799991607666,7,31599998474121,121,05.11.2015 17:29:04,2
1,51800000667572,4,71199989318848,8,62199974060059,122,05.11.2015 17:29:04,2
1,10699999332428,4,72900009155273,9,80799961090088,123,05.11.2015 17:29:04,2
-0,982999980449677,5,42899990081787,10,8199996948242,124,05.11.2015 17:29:04,2
-2,84800004959106,6,46099996566772,9,86400032043457,125,05.11.2015 17:29:04,2
-3,30399990081787,7,11999988555908,7,5770001411438,126,05.11.2015 17:29:04,2
-1,48699998855591,6,2810001373291,5,89900016784668,127,05.11.2015 17:29:04,2
-0,0199999995529652,5,49200010299683,5,39200019836426,128,05.11.2015 17:29:04,2
0,958000004291534,5,02899980545044,6,48199987411499,129,05.11.2015 17:29:04,2
1,46599996089935,4,80700016021729,8,2189998626709,130,05.11.2015 17:29:04,2
0,479000002145767,5,12799978256226,8,89400005340576,131,05.11.2015 17:29:04,2
-1,07000005245209,5,96999979019165,9,73999977111816,132,05.11.2015 17:29:04,2
-3,87100005149841,6,82000017166138,9,53600025177002,133,05.11.2015 17:29:04,2
-4,01200008392334,7,36899995803833,7,71099996566772,134,05.11.2015 17:29:04,2
-1,53600001335144,6,30200004577637,6,32299995422363,135,05.11.2015 17:29:04,2
0,284000009298325,5,36700010299683,6,136,05.11.2015 17:29:04,2
1,11099994182587,4,81099987030029,6,70100021362305,137,05.11.2015 17:29:04,2
1,93499994277954,4,55399990081787,8,2189998626709,138,05.11.2015 17:29:04,2
1,86600005626678,4,55600023269653,9,27799987792969,139,05.11.2015 17:29:04,2
-0,138999998569489,5,36100006103516,10,8090000152588,140,05.11.2015 17:29:04,2
-3,97000002861023,6,76100015640259,10,2569999694824,141,05.11.2015 17:29:04,2
-4,6710000038147,7,68699979782104,7,81899976730347,142,05.11.2015 17:29:04,2
-1,34300005435944,6,36600017547607,5,88700008392334,143,05.11.2015 17:29:04,2
0,361999988555908,5,31199979782104,4,66699981689453,144,05.11.2015 17:29:05,2
1,20099997520447,4,85599994659424,5,3600001335144,145,05.11.2015 17:29:05,2
1,64300000667572,4,64799976348877,7,7189998626709,146,05.11.2015 17:29:05,2
-0,702000021934509,5,23600006103516,9,26700019836426,147,05.11.2015 17:29:05,2
-1,16700005531311,5,98199987411499,10,9359998703003,148,05.11.2015 17:29:05,2
-4,35599994659424,6,86700010299683,11,0729999542236,149,05.11.2015 17:29:05,2
-3,00099992752075,6,92600011825562,7,95800018310547,150,05.11.2015 17:29:05,2
-0,294999986886978,5,56300020217896,5,75400018692017,151,05.11.2015 17:29:05,2
0,321000009775162,5,15899991989136,5,17899990081787,152,05.11.2015 17:29:05,2
-0,702000021934509,5,00299978256226,6,7519998550415,153,05.11.2015 17:29:05,2
0,416000008583069,5,28299999237061,8,2189998626709,154,05.11.2015 17:29:05,2
-0,959999978542328,6,09200000762939,9,26599979400635,155,05.11.2015 17:29:05,2
-3,38899993896484,6,77099990844727,9,62399959564209,156,05.11.2015 17:29:05,2
-3,29200005531311,6,86899995803833,8,41499996185303,157,05.11.2015 17:29:05,2
-0,702000021934509,5,80999994277954,6,63299989700317,158,05.11.2015 17:29:05,2
-0,702000021934509,5,04699993133545,5,86100006103516,159,05.11.2015 17:29:05,2
1,56099998950958,4,74700021743774,7,17600011825562,160,05.11.2015 17:29:05,2
1,25999999046326,4,71700000762939,8,67500019073486,161,05.11.2015 17:29:05,2
0,142000004649162,5,43499994277954,9,23600006103516,162,05.11.2015 17:29:05,2
-2,28600001335144,6,14099979400635,11,0559997558594,163,05.11.2015 17:29:05,2
-2,9760000705719,6,51599979400635,9,41499996185303,164,05.11.2015 17:29:05,2
-0,998000025749207,6,09000015258789,6,92899990081787,165,05.11.2015 17:29:05,2
0,0790000036358833,5,29300022125244,5,82299995422363,166,05.11.2015 17:29:05,2
-0,314999997615814,5,4980001449585,5,67000007629395,167,05.11.2015 17:29:05,2
-0,875999987125397,5,92600011825562,6,6230001449585,168,05.11.2015 17:29:05,2
-1,44599997997284,6,17399978637695,8,2189998626709,169,05.11.2015 17:29:05,2
-1,53799998760223,6,02600002288818,9,5319995880127,170,05.11.2015 17:29:05,2
-0,903999984264374,5,78599977493286,9,05200004577637,171,05.11.2015 17:29:05,2
-0,351999998092651,5,45800018310547,8,06999969482422,172,05.11.2015 17:29:05,2
0,0750000029802322,5,11299991607666,7,60799980163574,173,05.11.2015 17:29:05,2
-1,24399995803833,5,81199979782104,8,45600032806396,174,05.11.2015 17:29:05,2
-0,915000021457672,5,79199981689453,8,09500026702881,175,05.11.2015 17:29:05,2
-1,0789999961853,5,78000020980835,7,64499998092651,176,05.11.2015 17:29:05,2
-1,01800000667572,5,76599979400635,7,51399993896484,177,05.11.2015 17:29:05,2
-0,446000009775162,5,44099998474121,7,90999984741211,178,05.11.2015 17:29:05,2
-0,349000006914139,5,34800004959106,8,34500026702881,179,05.11.2015 17:29:05,2
-0,41100001335144,5,3899998664856,8,41199970245361,180,05.11.2015 17:29:05,2
-0,702000021934509,5,43900012969971,8,36600017547607,181,05.11.2015 17:29:05,2
-0,702000021934509,5,40399980545044,8,2189998626709,182,05.11.2015 17:29:05,2
-0,317999988794327,5,21400022506714,8,32900047302246,183,05.11.2015 17:29:05,2
0,578000009059906,4,90899991989136,9,46700000762939,184,05.11.2015 17:29:05,2
0,379999995231628,5,10400009155273,9,34700012207031,185,05.11.2015 17:29:05,2
-1,31900000572205,5,68499994277954,9,03999996185303,186,05.11.2015 17:29:06,2
-4,2350001335144,7,08599996566772,6,98400020599365,187,05.11.2015 17:29:06,2
-5,44399976730347,8,17000007629395,4,69899988174438,188,05.11.2015 17:29:06,2
-2,64400005340576,6,70800018310547,4,58699989318848,189,05.11.2015 17:29:06,2
0,200000002980232,5,24300003051758,5,43400001525879,190,05.11.2015 17:29:06,2
1,45899999141693,4,59499979019165,7,32100009918213,191,05.11.2015 17:29:06,2
1,41499996185303,4,31500005722046,9,80599975585938,192,05.11.2015 17:29:06,2
1,70799994468689,4,55100011825562,10,5209999084473,193,05.11.2015 17:29:06,2
0,156000003218651,4,69999980926514,11,7320003509521,194,05.11.2015 17:29:06,2
-2,61700010299683,5,56300020217896,11,2080001831055,195,05.11.2015 17:29:06,2
-4,1269998550415,6,90700006484985,8,45600032806396,196,05.11.2015 17:29:06,2
-1,16700005531311,6,11999988555908,6,80399990081787,197,05.11.2015 17:29:06,2
-0,702000021934509,5,03599977493286,5,72300004959106,198,05.11.2015 17:29:06,2
1,28199994564056,4,82299995422363,6,0149998664856,199,05.11.2015 17:29:06,2
1,46000003814697,4,7960000038147,7,35300016403198,200,05.11.2015 17:29:06,2
0,955999970436096,4,81599998474121,8,41100025177002,201,05.11.2015 17:29:06,2
-1,10399997234344,5,84200000762939,9,19799995422363,202,05.11.2015 17:29:06,2
-5,39599990844727,7,05600023269653,10,2659997940063,203,05.11.2015 17:29:06,2
-4,8270001411438,7,62400007247925,8,46100044250488,204,05.11.2015 17:29:06,2
-1,16700005531311,6,10300016403198,6,55499982833862,205,05.11.2015 17:29:06,2
1,21000003814697,4,94099998474121,5,74599981307983,206,05.11.2015 17:29:06,2
2,22099995613098,4,06699991226196,6,94999980926514,207,05.11.2015 17:29:06,2
2,31100010871887,4,10500001907349,7,98000001907349,208,05.11.2015 17:29:06,2
1,74100005626678,4,61199998855591,8,11499977111816,209,05.11.2015 17:29:06,2
-2,28200006484985,6,26399993896484,10,2150001525879,210,05.11.2015 17:29:06,2
-6,09899997711182,7,51100015640259,11,1990003585815,211,05.11.2015 17:29:06,2
-2,14100003242493,6,71700000762939,8,78999996185303,212,05.11.2015 17:29:06,2
0,839999973773956,4,92600011825562,6,2810001373291,213,05.11.2015 17:29:06,2
1,91700005531311,4,3899998664856,6,03299999237061,214,05.11.2015 17:29:06,2
1,92700004577637,4,16599988937378,6,68499994277954,215,05.11.2015 17:29:06,2
1,09599995613098,4,91499996185303,7,03700017929077,216,05.11.2015 17:29:06,2
-2,56100010871887,6,71199989318848,8,96300029754639,217,05.11.2015 17:29:06,2
-5,96000003814697,7,92600011825562,10,503999710083,218,05.11.2015 17:29:06,2
-2,95199990272522,6,72300004959106,9,35200023651123,219,05.11.2015 17:29:06,2
-0,702000021934509,5,17000007629395,6,82000017166138,220,05.11.2015 17:29:06,2
1,76199996471405,4,39200019836426,6,06599998474121,221,05.11.2015 17:29:06,2
1,58299994468689,4,2810001373291,6,41800022125244,222,05.11.2015 17:29:06,2
1,07799994945526,4,6710000038147,7,09100008010864,223,05.11.2015 17:29:06,2
-1,88900005817413,6,19099998474121,9,50300025939941,224,05.11.2015 17:29:06,2
-3,94899988174438,7,02299976348877,11,5749998092651,225,05.11.2015 17:29:06,2
-1,31599998474121,6,08400011062622,9,54500007629395,226,05.11.2015 17:29:06,2
0,270000010728836,5,25500011444092,6,69099998474121,227,05.11.2015 17:29:06,2
-0,321999996900558,5,2020001411438,5,49499988555908,228,05.11.2015 17:29:06,2
-0,702000021934509,5,40899991989136,6,11100006103516,229,05.11.2015 17:29:06,2
-1,19200003147125,5,73999977111816,7,64799976348877,230,05.11.2015 17:29:07,2
-1,04900002479553,5,7519998550415,9,16300010681152,231,05.11.2015 17:29:07,2
-0,702000021934509,5,64099979400635,9,55500030517578,232,05.11.2015 17:29:07,2
-0,52700001001358,5,30299997329712,9,20699977874756,233,05.11.2015 17:29:07,2
-1,21099996566772,5,73000001907349,7,88600015640259,1,05.11.2015 17:29:08,3
-0,869000017642975,5,48999977111816,8,06400012969971,2,05.11.2015 17:29:08,3
-0,0839999988675117,5,10400009155273,8,31700038909912,3,05.11.2015 17:29:08,3
0,699999988079071,4,60900020599365,9,12399959564209,4,05.11.2015 17:29:08,3
0,97299998998642,4,10400009155273,11,2290000915527,5,05.11.2015 17:29:08,3
-1,21099996566772,4,18300008773804,10,8950004577637,6,05.11.2015 17:29:08,3
-0,446999996900558,5,73000001907349,8,29399967193604,7,05.11.2015 17:29:08,3
-5,54500007629395,7,95699977874756,5,01599979400635,8,05.11.2015 17:29:08,3
-5,69399976730347,8,07199954986572,3,73699998855591,9,05.11.2015 17:29:08,3
-1,21099996566772,6,21299982070923,4,10900020599365,10,05.11.2015 17:29:08,3
0,850000023841858,5,22399997711182,5,35599994659424,11,05.11.2015 17:29:08,3
0,0939999967813492,5,05399990081787,9,08800029754639,12,05.11.2015 17:29:08,3
1,04999995231628,4,69600009918213,10,8500003814697,13,05.11.2015 17:29:08,3
-1,21099996566772,4,67700004577637,11,4910001754761,14,05.11.2015 17:29:08,3
-0,180000007152557,4,51599979400635,11,2950000762939,15,05.11.2015 17:29:08,3
-2,06900000572205,5,44500017166138,9,33199977874756,16,05.11.2015 17:29:08,3
-1,53699994087219,5,73000001907349,7,28700017929077,17,05.11.2015 17:29:08,3
0,330000013113022,5,03599977493286,6,21299982070923,18,05.11.2015 17:29:08,3
0,939999997615814,5,15299987792969,6,81199979782104,19,05.11.2015 17:29:08,3
0,419999986886978,5,18599987030029,7,56799983978271,20,05.11.2015 17:29:08,3
0,210999995470047,5,48699998855591,8,38500022888184,21,05.11.2015 17:29:08,3
-0,52700001001358,5,5789999961853,9,37100028991699,22,05.11.2015 17:29:09,3
-2,46399998664856,6,07999992370605,9,30500030517578,23,05.11.2015 17:29:09,3
-2,86500000953674,6,35500001907349,8,2790002822876,24,05.11.2015 17:29:09,3
-1,06299996376038,5,88199996948242,7,35500001907349,25,05.11.2015 17:29:09,3
0,137999996542931,5,22200012207031,6,50099992752075,26,05.11.2015 17:29:09,3
0,0160000007599592,5,40700006484985,6,21999979019165,27,05.11.2015 17:29:09,3
-0,555000007152557,5,6710000038147,7,31099987030029,28,05.11.2015 17:29:09,3
-0,772000014781952,5,73000001907349,8,42700004577637,29,05.11.2015 17:29:09,3
-0,986999988555908,5,73000001907349,9,28600025177002,30,05.11.2015 17:29:09,3
-0,690999984741211,5,32399988174438,9,53800010681152,31,05.11.2015 17:29:09,3
-0,0740000009536743,5,17500019073486,8,43900012969971,32,05.11.2015 17:29:09,3
-0,025000000372529,5,14900016784668,7,88600015640259,33,05.11.2015 17:29:09,3
-0,14300000667572,5,17799997329712,8,19900035858154,34,05.11.2015 17:29:09,3
-1,21099996566772,5,84899997711182,8,05399990081787,35,05.11.2015 17:29:09,3
-2,81500005722046,6,67799997329712,7,4520001411438,36,05.11.2015 17:29:09,3
-2,58999991416931,6,51399993896484,7,11600017547607,37,05.11.2015 17:29:09,3
-0,716000020503998,5,73000001907349,6,85599994659424,38,05.11.2015 17:29:09,3
0,230000004172325,5,12099981307983,7,59000015258789,39,05.11.2015 17:29:09,3
0,504000008106232,4,90199995040894,8,66300010681152,40,05.11.2015 17:29:09,3
0,412000000476837,4,86100006103516,8,97999954223633,41,05.11.2015 17:29:09,3
0,186000004410744,4,98000001907349,9,33199977874756,42,05.11.2015 17:29:09,3
-0,680000007152557,5,25500011444092,9,44499969482422,43,05.11.2015 17:29:09,3
-0,856000006198883,5,56500005722046,8,75100040435791,44,05.11.2015 17:29:09,3
-1,21099996566772,5,83699989318848,7,73600006103516,45,05.11.2015 17:29:09,3
-1,57299995422363,6,05000019073486,6,89799976348877,46,05.11.2015 17:29:09,3
-1,70099997520447,6,08400011062622,6,56400012969971,47,05.11.2015 17:29:09,3
-0,920000016689301,5,73000001907349,7,12799978256226,48,05.11.2015 17:29:09,3
-0,109999999403954,5,32999992370605,8,36900043487549,49,05.11.2015 17:29:09,3
-0,061999998986721,5,15299987792969,8,83399963378906,50,05.11.2015 17:29:09,3
-0,416000008583069,5,38399982452393,8,77200031280518,51,05.11.2015 17:29:09,3
-1,49600005149841,5,63899993896484,8,83500003814697,52,05.11.2015 17:29:09,3
-1,73300004005432,5,97599983215332,8,14799976348877,53,05.11.2015 17:29:09,3
-0,601000010967255,5,53900003433228,7,62400007247925,54,05.11.2015 17:29:09,3
0,164000004529953,5,25500011444092,7,36499977111816,55,05.11.2015 17:29:09,3
0,305999994277954,5,125,7,75600004196167,56,05.11.2015 17:29:09,3
0,0230000000447035,5,24399995803833,8,01099967956543,57,05.11.2015 17:29:09,3
-0,617999970912933,5,48999977111816,8,36499977111816,58,05.11.2015 17:29:09,3
-2,10199999809265,5,93699979782104,8,84700012207031,59,05.11.2015 17:29:09,3
-2,63499999046326,6,43900012969971,8,3100004196167,60,05.11.2015 17:29:09,3
-1,37300002574921,5,92600011825562,7,25600004196167,61,05.11.2015 17:29:09,3
-0,00999999977648258,5,15700006484985,7,12900018692017,62,05.11.2015 17:29:09,3
0,550000011920929,4,96600008010864,7,70800018310547,63,05.11.2015 17:29:09,3
0,100000001490116,5,09700012207031,8,60299968719482,64,05.11.2015 17:29:09,3
-0,266000002622604,5,29699993133545,8,99899959564209,65,05.11.2015 17:29:09,3
-1,21099996566772,5,51300001144409,9,16699981689453,66,05.11.2015 17:29:09,3
-0,88400000333786,5,56300020217896,8,63500022888184,67,05.11.2015 17:29:09,3
-0,617999970912933,5,4520001411438,7,63000011444092,68,05.11.2015 17:29:09,3
-0,712999999523163,5,51000022888184,7,37200021743774,69,05.11.2015 17:29:09,3
-0,889999985694885,5,6269998550415,7,35799980163574,70,05.11.2015 17:29:10,3
-0,824999988079071,5,59600019454956,7,88600015640259,71,05.11.2015 17:29:10,3
-0,476000010967255,5,40399980545044,8,54699993133545,72,05.11.2015 17:29:10,3
-0,47299998998642,5,38899993896484,8,86299991607666,73,05.11.2015 17:29:10,3
-0,89300000667572,5,46500015258789,8,68000030517578,74,05.11.2015 17:29:10,3
-1,21099996566772,5,73000001907349,7,97399997711182,75,05.11.2015 17:29:10,3
-1,48800003528595,5,89799976348877,7,37799978256226,76,05.11.2015 17:29:10,3
-0,860000014305115,5,55999994277954,7,50099992752075,77,05.11.2015 17:29:10,3
-0,063000001013279,5,30600023269653,7,63600015640259,78,05.11.2015 17:29:10,3
0,0649999976158142,5,07999992370605,8,82800006866455,79,05.11.2015 17:29:10,3
-0,0820000022649765,5,26399993896484,8,95100021362305,80,05.11.2015 17:29:10,3
-0,700999975204468,5,38500022888184,9,00599956512451,81,05.11.2015 17:29:10,3
-1,46899998188019,5,73000001907349,8,42700004577637,82,05.11.2015 17:29:10,3
-1,89199995994568,6,17799997329712,7,22599983215332,83,05.11.2015 17:29:10,3
-1,21099996566772,5,85500001907349,7,05999994277954,84,05.11.2015 17:29:10,3
-0,42399999499321,5,49300003051758,7,00099992752075,85,05.11.2015 17:29:10,3
-0,0370000004768372,5,34100008010864,7,72900009155273,86,05.11.2015 17:29:10,3
-0,28999999165535,5,34000015258789,8,40799999237061,87,05.11.2015 17:29:10,3
-0,381999999284744,5,45699977874756,8,6230001449585,88,05.11.2015 17:29:10,3
-1,40600001811981,5,67600011825562,8,73099994659424,89,05.11.2015 17:29:10,3
-2,25699996948242,6,20499992370605,8,3439998626709,90,05.11.2015 17:29:10,3
0,090999998152256,5,15500020980835,7,64400005340576,91,05.11.2015 17:29:10,3
0,656000018119812,4,80499982833862,8,09099960327148,92,05.11.2015 17:29:10,3
0,564000010490417,4,93200016021729,8,13500022888184,93,05.11.2015 17:29:10,3
-0,149000003933907,5,30600023269653,8,51799964904785,94,05.11.2015 17:29:10,3
-2,39599990844727,6,28200006484985,8,76500034332275,95,05.11.2015 17:29:10,3
-1,78299999237061,6,09299993515015,7,97499990463257,96,05.11.2015 17:29:10,3
-0,893999993801117,5,65500020980835,7,34700012207031,97,05.11.2015 17:29:10,3
-0,279000014066696,5,48699998855591,6,74399995803833,98,05.11.2015 17:29:10,3
-0,0500000007450581,5,26800012588501,7,3730001449585,99,05.11.2015 17:29:10,3
0,150999993085861,5,18499994277954,8,14299964904785,100,05.11.2015 17:29:10,3
0,0560000017285347,5,28599977493286,8,64900016784668,101,05.11.2015 17:29:10,3
-1,21099996566772,5,54099988937378,9,02299976348877,102,05.11.2015 17:29:10,3
-1,66199994087219,5,87400007247925,8,91399955749512,103,05.11.2015 17:29:10,3
-0,624000012874603,5,56300020217896,8,0310001373291,104,05.11.2015 17:29:10,3
-0,660000026226044,5,4689998626709,7,2979998588562,105,05.11.2015 17:29:10,3
-1,07599997520447,5,73000001907349,7,23799991607666,106,05.11.2015 17:29:10,3
-0,91100001335144,5,73000001907349,7,71500015258789,107,05.11.2015 17:29:10,3
-0,819000005722046,5,63600015640259,8,27999973297119,108,05.11.2015 17:29:10,3
-0,864000022411346,5,64599990844727,8,35900020599365,109,05.11.2015 17:29:10,3
-0,920000016689301,5,68300008773804,8,14000034332275,110,05.11.2015 17:29:10,3
-0,86599999666214,5,50799989700317,8,10499954223633,111,05.11.2015 17:29:10,3
-0,584999978542328,5,39499998092651,7,99399995803833,112,05.11.2015 17:29:10,3
-0,363999992609024,5,28200006484985,8,18900012969971,113,05.11.2015 17:29:11,3
0,0419999994337559,5,07200002670288,8,70199966430664,114,05.11.2015 17:29:11,3
-0,296999990940094,5,3600001335144,8,50399971008301,115,05.11.2015 17:29:11,3
-1,21099996566772,5,73000001907349,8,34000015258789,116,05.11.2015 17:29:11,3
-1,72000002861023,5,91699981689453,8,02999973297119,117,05.11.2015 17:29:11,3
-1,71000003814697,6,04400014877319,7,53200006484985,118,05.11.2015 17:29:11,3
-0,880999982357025,5,73000001907349,7,35500001907349,119,05.11.2015 17:29:11,3
-0,490000009536743,5,39099979400635,7,3899998664856,120,05.11.2015 17:29:11,3
-0,0130000002682209,5,15199995040894,7,81899976730347,121,05.11.2015 17:29:11,3
0,25900000333786,5,13600015640259,8,52700042724609,122,05.11.2015 17:29:11,3
-0,47299998998642,5,39200019836426,9,09000015258789,123,05.11.2015 17:29:11,3
-1,56299996376038,5,77899980545044,8,96599960327148,124,05.11.2015 17:29:11,3
-1,42200005054474,5,8600001335144,8,15799999237061,125,05.11.2015 17:29:11,3
-0,685999989509583,5,48699998855591,7,50799989700317,126,05.11.2015 17:29:11,3
-0,513999998569489,5,45900011062622,7,28499984741211,127,05.11.2015 17:29:11,3
-0,666999995708466,5,56099987030029,7,56899976730347,128,05.11.2015 17:29:11,3
-0,479999989271164,5,39599990844727,8,17399978637695,129,05.11.2015 17:29:11,3
-0,108000002801418,5,19799995422363,8,74899959564209,130,05.11.2015 17:29:11,3
-0,068000003695488,5,18300008773804,8,82299995422363,131,05.11.2015 17:29:11,3
-0,616999983787537,5,40299987792969,8,51799964904785,132,05.11.2015 17:29:11,3
-1,37999999523163,5,73000001907349,8,40100002288818,133,05.11.2015 17:29:11,3
-1,74699997901917,6,05700016021729,7,60799980163574,134,05.11.2015 17:29:11,3
-1,84899997711182,6,10699987411499,7,11800003051758,135,05.11.2015 17:29:11,3
-1,21099996566772,5,80499982833862,7,09100008010864,136,05.11.2015 17:29:11,3
-0,456000000238419,5,50400018692017,7,45300006866455,137,05.11.2015 17:29:11,3
0,131999999284744,5,07800006866455,8,34500026702881,138,05.11.2015 17:29:11,3
0,522000014781952,4,90299987792969,9,16399955749512,139,05.11.2015 17:29:11,3
0,347000002861023,4,97200012207031,9,36400032043457,140,05.11.2015 17:29:11,3
-0,546000003814697,5,26300001144409,9,16499996185303,141,05.11.2015 17:29:11,3
-1,67200005054474,5,80600023269653,8,34099960327148,142,05.11.2015 17:29:11,3
-1,72599995136261,6,12400007247925,7,2480001449585,143,05.11.2015 17:29:11,3
-1,21099996566772,5,73000001907349,6,88600015640259,144,05.11.2015 17:29:11,3
-0,763000011444092,5,64400005340576,6,87900018692017,145,05.11.2015 17:29:11,3
-0,741999983787537,5,65100002288818,7,59299993515015,146,05.11.2015 17:29:11,3
-0,469999998807907,5,42500019073486,8,56999969482422,147,05.11.2015 17:29:11,3
-0,10700000077486,5,21299982070923,9,06099987030029,148,05.11.2015 17:29:11,3
-0,0979999974370003,5,14799976348877,8,92599964141846,149,05.11.2015 17:29:11,3
-0,819999992847443,5,37400007247925,8,72299957275391,150,05.11.2015 17:29:11,3
-1,34300005435944,5,83900022506714,7,81500005722046,151,05.11.2015 17:29:11,3
-1,76999998092651,6,10500001907349,7,31699991226196,152,05.11.2015 17:29:11,3
-1,48399996757507,5,89400005340576,7,26999998092651,153,05.11.2015 17:29:11,3
-0,605000019073486,5,68400001525879,7,2519998550415,154,05.11.2015 17:29:11,3
-0,105999998748302,5,24399995803833,8,02799987792969,155,05.11.2015 17:29:11,3
0,204999998211861,5,07299995422363,8,63199996948242,156,05.11.2015 17:29:11,3
0,35699999332428,5,01900005340576,8,8459997177124,157,05.11.2015 17:29:12,3
-0,344999998807907,5,08599996566772,9,17599964141846,158,05.11.2015 17:29:12,3
-1,51999998092651,5,73000001907349,8,85799980163574,159,05.11.2015 17:29:12,3
-1,50600004196167,6,03000020980835,8,14000034332275,160,05.11.2015 17:29:12,3
-1,37899994850159,5,88000011444092,7,30299997329712,161,05.11.2015 17:29:12,3
-1,21099996566772,5,88800001144409,6,56400012969971,162,05.11.2015 17:29:12,3
-1,21099996566772,5,97399997711182,6,66400003433228,163,05.11.2015 17:29:12,3
-0,777999997138977,5,67700004577637,7,65299987792969,164,05.11.2015 17:29:12,3
0,0780000016093254,5,08099985122681,8,625,165,05.11.2015 17:29:12,3
0,367000013589859,4,99300003051758,9,17500019073486,166,05.11.2015 17:29:12,3
-0,361999988555908,5,2189998626709,9,35700035095215,167,05.11.2015 17:29:12,3
-1,21099996566772,5,58400011062622,8,82900047302246,168,05.11.2015 17:29:12,3
-1,36699998378754,5,90000009536743,7,7350001335144,169,05.11.2015 17:29:12,3
-1,44700002670288,5,9229998588562,7,22200012207031,170,05.11.2015 17:29:12,3
-0,796999990940094,5,66300010681152,7,04199981689453,171,05.11.2015 17:29:12,3
-0,395000010728836,5,53000020980835,7,36199998855591,172,05.11.2015 17:29:12,3
-0,0869999974966049,5,21999979019165,8,32100009918213,173,05.11.2015 17:29:12,3
0,034000001847744,5,15899991989136,8,90900039672852,174,05.11.2015 17:29:12,3
-0,451999992132187,5,31599998474121,8,91899967193604,175,05.11.2015 17:29:12,3
-1,21099996566772,5,56599998474121,8,7790002822876,176,05.11.2015 17:29:12,3
-1,89600002765656,6,20599985122681,8,13099956512451,177,05.11.2015 17:29:12,3
-1,91400003433228,6,07499980926514,7,51200008392334,178,05.11.2015 17:29:12,3
-1,21099996566772,5,99900007247925,6,86600017547607,179,05.11.2015 17:29:12,3
-0,892000019550323,5,78499984741211,6,70699977874756,180,05.11.2015 17:29:12,3
-0,216000005602837,5,31300020217896,7,30700016021729,181,05.11.2015 17:29:12,3
0,521000027656555,4,92399978637695,8,39099979400635,182,05.11.2015 17:29:12,3
0,587999999523163,4,92199993133545,8,97000026702881,183,05.11.2015 17:29:12,3
0,409000009298325,4,95100021362305,9,3769998550415,184,05.11.2015 17:29:12,3
-0,934000015258789,5,26800012588501,9,71100044250488,185,05.11.2015 17:29:12,3
-2,31900000572205,6,25099992752075,8,75100040435791,186,05.11.2015 17:29:12,3
-2,00200009346008,6,23299980163574,7,33699989318848,187,05.11.2015 17:29:12,3
-1,35599994659424,5,90799999237061,6,59999990463257,188,05.11.2015 17:29:12,3
-1,21099996566772,5,86600017547607,5,96999979019165,189,05.11.2015 17:29:12,3
-0,837000012397766,5,80600023269653,6,93300008773804,190,05.11.2015 17:29:12,3
0,0560000017285347,5,13100004196167,9,04699993133545,191,05.11.2015 17:29:12,3
0,788999974727631,4,81199979782104,9,62399959564209,192,05.11.2015 17:29:12,3
0,433999985456467,4,91400003433228,9,71100044250488,193,05.11.2015 17:29:12,3
-0,606000006198883,5,13700008392334,9,52400016784668,194,05.11.2015 17:29:12,3
-1,98199999332428,5,98299980163574,8,08399963378906,195,05.11.2015 17:29:12,3
-2,31200003623962,6,47599983215332,7,08799982070923,196,05.11.2015 17:29:12,3
-1,51400005817413,5,94399976730347,6,76900005340576,197,05.11.2015 17:29:12,3
-1,00199997425079,5,91200017929077,6,30200004577637,198,05.11.2015 17:29:12,3
-0,750999987125397,5,73000001907349,6,90700006484985,199,05.11.2015 17:29:12,3
-0,305000007152557,5,35900020599365,8,02200031280518,200,05.11.2015 17:29:12,3
0,416999995708466,4,94199991226196,9,05099964141846,201,05.11.2015 17:29:12,3
0,748000025749207,4,72100019454956,9,72799968719482,202,05.11.2015 17:29:12,3
0,331999987363815,4,84600019454956,10,1429996490479,203,05.11.2015 17:29:12,3
-0,799000024795532,5,39300012588501,9,2810001373291,204,05.11.2015 17:29:13,3
-1,78900003433228,6,0479998588562,7,71700000762939,205,05.11.2015 17:29:13,3
-2,96300005912781,6,70800018310547,6,45100021362305,206,05.11.2015 17:29:13,3
-2,4760000705719,6,5460000038147,6,38399982452393,207,05.11.2015 17:29:13,3
-1,21099996566772,6,07800006866455,6,1729998588562,208,05.11.2015 17:29:13,3
-0,407000005245209,5,53000020980835,7,14099979400635,209,05.11.2015 17:29:13,3
0,388000011444092,4,92899990081787,8,73200035095215,210,05.11.2015 17:29:13,3
-1,21099996566772,4,70699977874756,9,21700000762939,211,05.11.2015 17:29:13,3
0,846000015735626,4,7979998588562,9,62399959564209,212,05.11.2015 17:29:13,3
-0,96399998664856,5,37200021743774,9,5629997253418,213,05.11.2015 17:29:13,3
-2,32599997520447,6,19500017166138,8,9069995880127,214,05.11.2015 17:29:13,3
-2,28299999237061,6,31400012969971,7,42000007629395,215,05.11.2015 17:29:13,3
-1,53100001811981,6,02799987792969,6,60599994659424,216,05.11.2015 17:29:13,3
-0,845000028610229,5,80299997329712,6,08300018310547,217,05.11.2015 17:29:13,3
-0,556999981403351,5,6729998588562,6,69000005722046,218,05.11.2015 17:29:13,3
-0,179000005125999,5,30999994277954,8,31400012969971,219,05.11.2015 17:29:13,3
0,263000011444092,5,1710000038147,9,0629997253418,220,05.11.2015 17:29:13,3
-0,0270000007003546,5,22700023651123,9,67199993133545,221,05.11.2015 17:29:13,3
-1,21099996566772,5,53599977493286,9,52999973297119,222,05.11.2015 17:29:13,3
-2,56599998474121,6,38899993896484,8,06999969482422,223,05.11.2015 17:29:13,3
-1,78600001335144,6,18200016021729,7,18100023269653,224,05.11.2015 17:29:13,3
-0,38400000333786,5,51000022888184,6,64599990844727,225,05.11.2015 17:29:13,3
0,370999991893768,5,30100011825562,6,65399980545044,226,05.11.2015 17:29:13,3
0,330000013113022,5,1729998588562,7,7350001335144,227,05.11.2015 17:29:13,3
0,127000004053116,5,31400012969971,8,22000026702881,228,05.11.2015 17:29:13,3
-0,101999998092651,5,32299995422363,8,43400001525879,229,05.11.2015 17:29:13,3
-0,851000010967255,5,40100002288818,8,79300022125244,230,05.11.2015 17:29:13,3
-2,60400009155273,6,13000011444092,8,91199970245361,231,05.11.2015 17:29:13,3
-2,60599994659424,6,52899980545044,8,73499965667725,232,05.11.2015 17:29:13,3
-1,21099996566772,6,04300022125244,7,77899980545044,233,05.11.2015 17:29:13,3
-0,421000003814697,5,53499984741211,6,76300001144409,234,05.11.2015 17:29:13,3
-0,0719999969005585,5,30999994277954,6,42199993133545,235,05.11.2015 17:29:13,3
0,241999998688698,5,19700002670288,7,42000007629395,236,05.11.2015 17:29:13,3
0,35699999332428,5,12799978256226,8,625,237,05.11.2015 17:29:13,3
-0,345999985933304,5,34700012207031,9,45400047302246,238,05.11.2015 17:29:13,3
-1,75600004196167,5,91900014877319,9,50500011444092,239,05.11.2015 17:29:13,3
-1,92999994754791,6,06500005722046,8,63099956512451,240,05.11.2015 17:29:13,3
-1,21099996566772,5,73000001907349,7,70300006866455,241,05.11.2015 17:29:13,3
-0,660000026226044,5,61700010299683,7,10799980163574,242,05.11.2015 17:29:13,3
-0,190999999642372,5,47499990463257,7,25400018692017,243,05.11.2015 17:29:13,3
-0,423000007867813,5,59999990463257,8,14999961853027,244,05.11.2015 17:29:13,3
-0,546999990940094,5,54300022125244,8,68299961090088,245,05.11.2015 17:29:13,3
-1,3860000371933,5,73000001907349,8,97000026702881,246,05.11.2015 17:29:13,3
-2,42199993133545,6,22499990463257,8,64999961853027,247,05.11.2015 17:29:13,3
-2,3050000667572,6,30399990081787,7,82299995422363,248,05.11.2015 17:29:13,3
-1,5900000333786,6,1269998550415,7,16499996185303,249,05.11.2015 17:29:14,3
-0,294999986886978,5,68499994277954,6,66099977493286,250,05.11.2015 17:29:14,3
0,275000005960464,5,36800003051758,6,74499988555908,251,05.11.2015 17:29:14,3
0,479999989271164,5,14900016784668,7,64799976348877,252,05.11.2015 17:29:14,3
0,651000022888184,5,05800008773804,8,71700000762939,253,05.11.2015 17:29:14,3
-0,0949999988079071,5,21500015258789,9,64000034332275,254,05.11.2015 17:29:14,3
-1,8309999704361,5,78200006484985,9,91899967193604,255,05.11.2015 17:29:14,3
-2,56500005722046,6,32800006866455,9,10799980163574,256,05.11.2015 17:29:14,3
-2,82800006866455,6,72399997711182,7,78200006484985,257,05.11.2015 17:29:14,3
-1,55400002002716,6,2480001449585,6,48699998855591,258,05.11.2015 17:29:14,3
-0,209000006318092,5,65500020980835,5,36299991607666,259,05.11.2015 17:29:14,3
0,504000008106232,5,4210000038147,5,74599981307983,260,05.11.2015 17:29:14,3
-1,21099996566772,5,01999998092651,6,96500015258789,261,05.11.2015 17:29:14,3
1,57099997997284,4,68200016021729,8,04699993133545,262,05.11.2015 17:29:14,3
0,574000000953674,5,09100008010864,9,72799968719482,263,05.11.2015 17:29:14,3
-2,94000005722046,6,0789999961853,11,6870002746582,264,05.11.2015 17:29:14,3
-4,85300016403198,7,09600019454956,11,1059999465942,265,05.11.2015 17:29:14,3
-2,07299995422363,6,58699989318848,7,9980001449585,266,05.11.2015 17:29:14,3
0,254000008106232,5,31799983978271,5,74700021743774,267,05.11.2015 17:29:14,3
0,545000016689301,5,34800004959106,4,52199983596802,268,05.11.2015 17:29:14,3
0,510999977588654,5,52699995040894,4,6100001335144,269,05.11.2015 17:29:14,3
0,537000000476837,5,31899976730347,6,21600008010864,270,05.11.2015 17:29:14,3
0,358000010251999,5,24499988555908,8,35099983215332,271,05.11.2015 17:29:14,3
-0,847000002861023,5,57499980926514,10,9399995803833,272,05.11.2015 17:29:14,3
-3,12700009346008,6,4210000038147,12,2930002212524,273,05.11.2015 17:29:14,3
